,count_def_adv,count_def_dis,def_pwr,count_off_adv,count_off_dis,off_pwr,count_imm
count,667.0,667.0,667.0,667.0,667.0,667.0,667.0
mean,5.308845577211394,3.416791604197901,19.060344827586206,3.8500749625187405,2.5397301349325336,20.44902548725637,0.4407796101949025
std,1.6137443687056452,1.0711420290025904,1.9113257433340884,1.9988763721473448,1.9612220984008133,2.732648471266951,0.7149316885012674
min,0.0,1.0,13.25,0.0,0.0,16.0,0.0
25%,5.0,3.0,18.0,3.0,1.0,18.0,0.0
50%,6.0,3.0,18.75,4.0,3.0,20.0,0.0
75%,6.0,4.0,20.0,5.0,3.0,23.0,1.0
max,11.0,7.0,26.0,9.0,7.0,27.0,3.0
